Building a wall on the U.S.-Mexico border will take literally years.,
Wisconsin is on pace to double the number of layoffs this year.,
Says John McCain has done nothing to help the vets.,
Suzanne Bonamici supports a plan that will cut choice for Medicare Advantage seniors.,
"When asked by a reporter whether hes at the center of a criminal scheme to violate campaign laws, Gov. Scott Walker nodded yes.",
Over the past five years the federal government has paid out $601 million in retirement and disability benefits to deceased former federal employees.,
Says that Tennessee law requires that schools receive half of proceeds -- $31 million per year -- from a half-cent increase in the Shelby County sales tax.,
"Says Vice President Joe Biden ""admits that the American people are being scammed"" with the economic stimulus package.",
Donald Trump is against marriage equality. He wants to go back.,
We know that more than half of Hillary Clintons meetings while she was secretary of state were given to major contributors to the Clinton Foundation.,
We know there are more Democrats in Georgia than Republicans. We know that for a fact.,
PolitiFact Texas says Congressman Edwards attacks on Bill Flores are false.,
Denali is the Kenyan word for black power.,
"Says 57 percent of federal spending goes to the military and just 1 percent goes to food and agriculture, including food stamps.",
On residency requirements for public workers,
Says the unemployment rate for college graduates is 4.4 percent and over 10 percent for noncollege-educated.,
Unfortunately we have documented instances where people defecated in the (Statehouse) building.,
A recent Gallup poll found that 72 percent of Americans and 56 percent of Democrats say the biggest threat to our nations security is big government.,
"Each year, 18,000 people die in America because they don't have health care.",
Ronald Reagan faced an even worse recession than the current one.,
There have not been any public safety issues in cities that allow transgender people to use the bathroom of the gender they identify as.,
Says Mitt Romney was one of the first national Republican leaders to endorse Marco Rubio.,
The number of illegal immigrants could be 3 million. It could be 30 million.,
Marijuana is less toxic than alcohol.,
Says Charlie Crist is embroiled in a fraud case for steering taxpayer money to a de facto Ponzi scheme.,
"Now, there was a time when someone like Scalia and Ginsburg got 95-plus votes.",
I was gone when there was a red line against Syria.,
"Tim Kaine hiked tuition as governor, but now claims to champion affordability.",
"Contends that President Obama literally said (if) his cap-and-trade proposals were to pass, that utility rates, his words now, would, necessarily skyrocket.",
Active duty males in the military are twice as likely to develop prostate cancer than their civilian counterparts.,
Its been since 1888 that a Senate of a different party than the president in the White House confirmed a Supreme Court nominee.,
"Under Rosemary Lehmberg, the Travis County D.A.s office convened the grand jury that indicted Rick Perry.",
On which team hes rooting for in the World Series.,
Tom Ganley has two Fs from the Better Business Bureau and over 160 complaints in just three years.,
The United States has a low voter turnout rate.,
"Says Thomas Jefferson said, You might be able to fool the people for awhile, and they may go astray, but sooner or later the American people are going to wake up and they will correct the course.",
"Because of the federal health care law, 300,000 health plans canceled in Florida.",
"In Massachusetts, Scott Brown pushed for a law to force women considering abortion -- force them -- to look at color photographs of developing fetuses.",
"The Fed created $1.2 trillion out of nothing, gave it to banks, and some of them foreign banks, so that they could stabilize their operations.",
Texas families have kept more than $10 billion in their family budgets since we successfully fought to restore Texas sales tax deduction a decade ago.,
Pre-existing conditions are covered under my (health care) plan.,
"Greg Abbott activated the state guard to monitor Jade Helm 15 in case the troops try to impose martial law, disarm innocent Texans, and detain them in tunnels beneath closed Walmart stores.",
Says he won the second debate with Hillary Clinton in a landslide in every poll.,
Says bag litter increased after San Francisco banned single-use shopping bags.,
"In 1993, Newt Gingrich first advocated for the individual mandate in health care. And as recently as May of this year, he was still advocating for it.",
"Says as a result of the national health care reform, the Congressional Budget Office says we save $250 million over the first 10 years. Over the next 10 years, we save $1.2 trillion in savings in terms of health care.",
"You said you would vote against the Patriot Act, then you came to the Senate, you voted for it.",
The federal minimum wage is worth about 20 percent less than it was when Ronald Reagan gave his first address to a joint session of Congress.,
"A proposed tax to fund transportation projects would spend $90,000 to take a single vehicle off the road during the morning and afternoon commute.",
A salesclerk at Hobby Lobby who needs contraception is not going to get that service through her employers health care plan because her employer doesnt think she should be using contraception.,
Says Charlie Crist voted against raising the minimum wage.,
Hillary Clinton said gun confiscation would be worth considering.,
"Already, a prototype driverless car has traveled more than 300,000 miles in the crowded maze of California streets without a single accident.",
"Last year, out of the 500,000 (in) population growth we had in the state of Texas, about 250,000 of the 500,000 came to Texas... from the other 49 states.",
When undocumented children are picked up at the border and told to appear later in court ... 90 percent do not then show up.,
Says Gov. Chris Christie cut spending (by) $1 billion and provided $850 million in new education funding.,
Hes the only candidate whos balanced budgets and brought jobs to Providence.,
"Studies have shown that in the absence of federal reproductive health funds, we are going to see the level of abortion in Georgia increase by about 44 percent.",
ACORN will be a paid partner with the Census Bureau and they will be in charge of going door-to-door and collecting data from the American public.,
Sixty percent of the Hispanics support the Arizona immigration law,
"If the sequester hits, federal prosecutors will have to let criminals go.",
Says Dick Cheney de-Baathisized the Iraqi government and created ISIS.,
Says Bill and Hillary Clinton attended Donald Trumps last wedding.,
I did not play any role in bringing the company to RI as did others in government. I was tasked with handling the legislation affecting the company by my superiors.,
"Obamacare insurance cooperative failures should be expected because theyre like any business, and when you start businesses in America, at the fifth year, half of the businesses have closed.",
The tax cut deal is giving $700 billion to millionaires and billionaires.,
Says Marco Rubio said Social Security and Medicare haveweakened us as a people.,
"Across the country, $174 billion of the Recovery Act have been committed in its first 130 days.",
"As secretary of the Department of Energy under former President Bill Clinton, ""I created reserves of home heating oil.""",
Twenty-five states have lower unemployment than Texas which is tied with Mississippi for more minimum-wage jobs than anywhere in the United States.,
"Of the 20 bills [Rep. David] Cicilline has sponsored in his three years in office, not a single one has advanced past the embryonic committee stage.",
"Says Donald Trump has said he loves war, including with nukes.",
"Any state tax law has to start in the House and the renewal of the state hospital bed tax this year started in the Senate, which is unconstitutional.",
"Every child born today inherits a $30,000 share in a national debt that stands at more than $13 trillion.",
A strong bipartisan majority in the House of Representatives voted to defund Obamacare.,
Proximity to high-voltage power lines lowers property values by as much as 30 percent.,
What the facts say is ...the best scenario for kids is a loving mom and dad.,
Says Mark Neumann = Nancy Pelosi,
"To hear Gov. Christie tell it, everything in New Jersey is going just fine. Well I see another New Jersey with 400,000 unemployed. One of the worst jobless rates in the country. Working and middle class families have seen costs soar, from property taxes to college tuition.",
Says delegates cant legally change the Republican National Convention rules to prevent Donald Trumps nomination.,
Rebuilding three high schools will benefit 40 percent of Portland Public School students.,
Proposition 2 on Novembers Texas ballot does not cost state taxpayers any money.,
Providence has the lowest crime rate in three decades.,
On banning earmarks.,
Says hes taken an 8% pay decrease in each of the nine years he has been in office.,
1 percent of Americans are millionaires. 47 percent of House Reps. are millionaires. 56 percent of Senators are millionaires.,
The decision for the United States to buy heavy water from Iran will directly subsidize Irans nuclear program.,
The Texas Department of Transportation... misplaced a billion dollars.,
A judges order means theres a Constitution exemption zone if you live within 100 miles of the United States border.,
"Pepper ... kicked off a jock tax, imposing a levy on the sports and entertainment industry.",
"Mitch McConnell opposed ""legislation to create and protect Kentucky jobs . . . help for the unemployed. . . health care for Kentucky's children,"" and ""fair pay for women.""",
"Under Mayor Tom Barrett, the number of Milwaukee police officers has not increased.",
Taxpayers subsidize 80 percent of each MARTA trip,
"President Obama, Sen. Harry Reid and Rep. Nancy Pelosi passed a $1.2 trillion stimulus bill.",
Says Milken Institute rated San Antonio as nations top-performing local economy.,
Says people in Africa literally walk two and three hundred miles in order to vote.,
"Before World War II, very few people actually had health insurance.",
Half of children struck by cars near schools are hit by parents driving children to school.,
"Citizens Property Insurance has over $500 billion worth of risk, with less than $10 billion worth of surplus.",
Being able to change the font sizes is awesome !,
"For whatever reason, Amazon decided to make the Font on the Home Screen than on the K1 .",
"I found myself constantly changing the angle of the body, changing the font size up and down and the distance away from me .",
"I was an avid reader but increasing age has made printed books more of a challenge, but the Kindle with its varying font size and very light weight has made reading fun again .",
"What's more, it's easy to change font size .",
"The kindle does not recognize page numbers, since they would change radically when you change font size so Amazon provides the notion of location which is display independent .",
I just crank the font up a notch or two and leave the readers behind .,
"My eyesight is fine, but I can choose the font size that suits me best .",
"'Easy, on, the, eyes' reading with adjustable fonts and 16 shades of gray capability using digital ink :",
Maximum font size is still not big enough for people with vision problems .,
One or two larger font sizes would have benefited the visually impaired .,
"Downloading books is easy, the screen is NOT too dark, the font size is adjustable and the Kindle customer service support is terrific .",
"I know I need to go to the optometrist, but the Kindle will aide and abet me in avoiding that for a while , , the page is easy to read, the font size is easy to change, and my eyes sail across the words, my finger hits next page without me giving it thought .",
The text appears slightly blurry and I have to increase the font size to read it comfortably .,
"And with the Kindle, I can adjust the font to any of six different sizes, which is of some importance to those with poor vision or tired eyes .",
The font is clear and adjustable in size .,
"While they may not reproduce the look of a printed page, applications for these devices, such as ereader, do offer a variety of font types, background colors, and page turning mechanisms, the ability to read in either vertical or horizontal mode, and the ability to make the text scroll on the page, like a teleprompter, at a speed of your choosing .",
"The E, Ink screen is so much better than I thought and yes, I've read about the concerns people have raised about the Kindle screen and its fonts .",
"Sleek style, easy to hold, the white causes it to disappear as suggested in its description, highly transportable, well thought out button placement, easy to use, adjustable font, ease of downloading new books .",
With good lighting it is very readable and the adjustable font makes up for this shortcoming .,
Dictionary entries are now shown in your currently selected font size .,
"High, contrast e, ink, downloadable content, variable font size, integrated dictionary, integrated search .",
"With six font sizes, even the visually impaired could benefit from this feature .",
"Aa keys to quickly change font size, turning on off text to speech, Pause text to speech, change speech rate and speaking voice rather than using the menu .",
The font sizes are easy to switch between and very usable .,
"As advertised, it is very easy on the eyes, combined with font sizing and easy navigation this does what it was meant to do .",
"Very accessible and friendly for those with a visual impairment , all raised keys, font sizing, text to voice .",
azw you can change the font size of the document without the .,
"azw conversion the pdf will usually have teeny tiny unreadable font, this solves that, text to speech it, etc .",
"Due to being able to change the font it is also difficult to be able to read this for a class and reference page numbers from an actual book, but a search function that regular books , don't', have more than makes up for this .",
"Being able to change your font size is really nice as well, but I keep mine at the lowest so I don't have to turn pages so often .",
"The font size options include a slightly smaller font that before, , looks great .",
I use the second smallest font 90% of the time and I do find I need a little extra light where I wouldn't have when reading a normal book .,
"I also really enjoy the ability to change font sizes, they are pretty close to large print books .",
"As I get sleepier, I like to enlarge the font, which is a nice feature .",
"Seemed like the perfect thing for an ex, avid reader, since you can change font size, have it read to you, download newspapers and magazines, and you don't have to drive to the book store or library !",
The clarity of the screen makes even the smallest font readable .,
Using the smaller font sizes causes eye strain except in daylight conditions with open windows .,
The print appears faded especially with the smaller font sizes .,
This allows only about 2 paragraphs of text to be visualised at a time at medium font size .,
I have changed the font size so that it is so easy to see .,
"A couple of books I've purchased aren't great, fontwise .",
"Most books, however, are very easy to read, and the variable font size enables me to find the font size that works best for me .",
"While not as much text fits on a screen as on a mass, market paperback page using the font size I like, pushing the next page button has become second nature .",
"It's also easy to make the font larger whenever necessary, like when my eyes are tired .",
"1All the fonts look exactly the same, regardless of the book .",
"Easy on the eyes, font size can be changed and the book will even read to you if you want it too !",
It's lightweight and allows changes in font size that enables ease of reading no matter how tired your eyes may get .,
"I also like that the amount of whitespace as well as font size on, screen is configurable .",
I can still make out words with the use of strong glasses and setting the font to the largest possible on the Kindle2 .,
"I like the small size, the grey colour background is relaxing, and its good to be able to change the size of the font .",
I can make the font the perfect size for my eyes .,
"Although I'm turning pages quicker, my eyes are much less tired by using a bigger font .",
It is quick and responsive and reading from the default font is easy .,
Because of the ability to change the font size on the KINDLE she was able to once again start reading a book .,
Everyone looking into the Kindle has probably heard about the font smoothing contrast issue which is exacerbated by the bright whiteness of the unit's housing .,
"However, just last night, I ran across a couple of user fixes for the font smoothing problem, and I've already put a skin on mine so that the contrast between the ePaper display's gray background and the frame's white is no longer an issue .",
"I have a bit of macular degeneration, and when reading the Kindle, for some reason, that little blurry spot does not show up, and this is at a small font .",
"The Kindle 2 is lightweight, easy to hold, easy to read, and I love the fact that I can change the size of the font, depending on my situation .",
I am in my 50's and the reading vision isn't great so changing the font is a blessing .,
"The interface is a bit like reading newsprint, though you can change the font size to 6 or 8 different settings .",
It is so much easier to read than a paper page and you can adjust the font size as needed .,
"it's just like reading a paper book, but BETTER because you can increase the font size !",
font sizes and page orientation can be adapted to the reader's needs .,
"One side of the war is made up of the Sudanese military and the Janjaweed, a Sudanese militia group from the Afro-Arab Abbala tribes of the northern Rizeigat region in Sudan.",
"Jeddah is the principal gateway to Mecca, Islam's holiest city. Able-bodied Muslims are required to visit Mecca at least once in their lifetime.","Jeddah is the principal gateway to Mecca, Islam's holiest city. Able-bodied Muslims are required to visit Mecca at least once in their lifetime."
The Great Dark Spot is thought to be a hole in the methane cloud deck of Neptune.,The Great Dark Spot is thought to be a hole in the methane cloud deck of Neptune.
"His next work, Saturday, shows an especially eventful day in the life of a successful neurosurgeon.","His next work, Saturday, shows an especially eventful day in the life of a successful neurosurgeon."
"The trickster tarantula.spun a black cord and, attaching it to the ball, crawled away fast to the east, pulling on the cord with all his strength.","The trickster tarantula.spun a black cord and, attaching it to the ball, crawled away fast to the east, pulling on the cord with all his strength."
"He died six weeks later, on 13 January 888.","He died six weeks later, on 13 January 888."
They are similar to the coastal peoples of Papua New Guinea.,They are similar to the coastal peoples of Papua New Guinea.
"Since 2000, the Kate Greenaway Medal winner has also been presented with the Colin Mears Award, valued £5000.","Since 2000, the Kate Greenaway Medal winner has also been presented with the Colin Mears Award, valued £5000."
"Following the drummers are dancers, who often play the sogo (a tiny drum that makes almost no sound). They tend to have more elaborate — even acrobatic — choreography.","Following the drummers are dancers, who often play the sogo (a tiny drum that makes almost no sound). They tend to have more elaborate — even acrobatic — choreography."
"The spacecraft consists of two main elements. The NASA Cassini orbiter is named after the Italian-French astronomer Giovanni Domenico Cassini.The ESA Huygens probe is named after the Dutch astronomer, mathematician and physicist Christiaan Huygens.","The spacecraft consists of two main elements. The NASA Cassini orbiter is named after the Italian-French astronomer Giovanni Domenico Cassini.The ESA Huygens probe is named after the Dutch astronomer, mathematician and physicist Christiaan Huygens."
"Alessandro (""Sandro"") Mazzola is a former Italian football player. He was born on 8 November 1942.","Alessandro (""Sandro"") Mazzola is a former Italian football player. He was born on 8 November 1942."
It was thought that the debris thrown up by the collision filled in the smaller craters.,It was thought that the debris thrown up by the collision filled in the smaller craters.
Graham graduated from Wheaton College in 1943 with a BA in anthropology.,Graham graduated from Wheaton College in 1943 with a BA in anthropology.
The BZÖ is in favor of a referendum about the Lisbon Treaty but against an EU-Withdrawal.,The BZÖ is in favor of a referendum about the Lisbon Treaty but against an EU-Withdrawal.
"Many species disappeared by the end of the nineteenth century, with European settlement.","Many species disappeared by the end of the nineteenth century, with European settlement."
Wexler was inducted into the Rock and Roll Hall of Fame in 1987.,Wexler was inducted into the Rock and Roll Hall of Fame in 1987.
"In its pure form, dextromethorphan looks like a white powder.","In its pure form, dextromethorphan looks like a white powder."
It is extremely competitive to get in to Tsinghua.,It is extremely competitive to get in to Tsinghua.
"Today, NRC is managed as an independent and private company.","Today, NRC is managed as an independent and private company."
"It happened at the coast of the Baltic Sea, where it surrounded the city of Stralsund.","It happened at the coast of the Baltic Sea, where it surrounded the city of Stralsund."
"He also received the title of 1982 ""Sportsman of the Year"" by the magazine Sports Illustrated.","He also received the title of 1982 ""Sportsman of the Year"" by the magazine Sports Illustrated."
Fives is a British sport believed to have come from the same place as many racquet sports.,Fives is a British sport believed to have come from the same place as many racquet sports.
"For example, King Bhumibol was born on Monday, so on his birthday places throughout Thailand will be decorated with yellow color.","For example, King Bhumibol was born on Monday, so on his birthday places throughout Thailand will be decorated with yellow color."
"Both names stopped existing in 2007, when they were merged into The National Museum of Scotland.","Both names stopped existing in 2007, when they were merged into The National Museum of Scotland."
"Tagore copied numerous styles including crafts from North New Ireland, Haida carvings from west Canada's coast (British Columbia) and woodcuts from Max Pechstein.","Tagore copied numerous styles including crafts from North New Ireland, Haida carvings from west Canada's coast (British Columbia) and woodcuts from Max Pechstein."
"On October 14, 1960, Presidential candidate John F. Kennedy made the idea of the Peace Corps on Michigan Union steps.","On October 14, 1960, Presidential candidate John F. Kennedy made the idea of the Peace Corps on Michigan Union steps."
She performed for President Reagan in 1988's Great Performances at the White House tv shows on the Public Broadcasting Service.,She performed for President Reagan in 1988's Great Performances at the White House tv shows on the Public Broadcasting Service.
Perry Saturn (with Terri) beat Eddie Guerrero (with Chyna) to win the WWF European Championship (8:10) Saturn took down Guerrero after a Diving elbow drop.,Perry Saturn (with Terri) beat Eddie Guerrero (with Chyna) to win the WWF European Championship (8:10) Saturn took down Guerrero after a Diving elbow drop.
She stayed in the United States until 1927 until she moved to France with her husband.,She stayed in the United States until 1927 until she moved to France with her husband.
"Despina was discovered in late July, 1989.","Despina was discovered in late July, 1989."
"The first Italian Grand Prix motor racing championship was at Brescia on September 4th, 1921.","The first Italian Grand Prix motor racing championship was at Brescia on September 4th, 1921."
He also wrote two books of short stories; they were called The Ribbajack & Other Curious Yarns and Seven Strange and Ghostly Tales.,He also wrote two books of short stories; they were called The Ribbajack & Other Curious Yarns and Seven Strange and Ghostly Tales.
A Voyager 2 picture was an object called Ophelia pointing toward Uranus.,A Voyager 2 picture was an object called Ophelia pointing toward Uranus.
He was killed by the British and his land was taken.,He was killed by the British and his land was taken.
Towns between Western Australia up to Caiguna don't follow Western Australian time.,Towns between Western Australia up to Caiguna don't follow Western Australian time.
Mosaics and inlays are made with small pieces of colored shells.,Mosaics and inlays are made with small pieces of colored shells.
"The other cities on the Palos Verdes Peninsula are Ranch Palos Verdes, Rolling Hills Estates and Rolling Hills.","The other cities on the Palos Verdes Peninsula are Ranch Palos Verdes, Rolling Hills Estates and Rolling Hills."
"Clank was afraid that Drek would destroy the galaxy, so he asked Ratchet to help him find the famous superhero Captain Qwark.","Clank was afraid that Drek would destroy the galaxy, so he asked Ratchet to help him find the famous superhero Captain Qwark."
It is not really a louse.,It is not really a louse.
He says to use a user-centered design process. He also tries to get more people to use interaction design.,He says to use a user-centered design process. He also tries to get more people to use interaction design.
"It is possible that the editors who may have reported you, and the administrator who blocked you, are part of a conspiracy against someone they've never met.","It is possible that the editors who may have reported you, and the administrator who blocked you, are part of a conspiracy against someone they've never met."
Working Group 1 rates scientific features of the climate system and climate change.,Working Group 1 rates scientific features of the climate system and climate change.
"The island chain forms part of the Hebrides.  It is separate from the Scottish mainland and the Inner Hebrides by theh Minch, the Little Minch, and the Sea of the Hebrides.","The island chain forms part of the Hebrides. It is separate from the Scottish mainland and the Inner Hebrides by theh Minch, the Little Minch, and the Sea of the Hebrides."
"Orton and his wife welcomed Alanna Marie on July 12, 2008.","Orton and his wife welcomed Alanna Marie on July 12, 2008."
Formal minor planet designations are number-name combinations overseen by the Minor Planet Center.,Formal minor planet designations are number-name combinations overseen by the Minor Planet Center.
"Early September 30, wind shear began to dramatically increase and a weakening trend began.","Early September 30, wind shear began to dramatically increase and a weakening trend began."
Each entry has a datum which is a copy of the datum in some backing store.,Each entry has a datum which is a copy of the datum in some backing store.
"Although many mosques don't enforce violations, both men and women attending a mosque must adhere to these guidelines.","Although many mosques don't enforce violations, both men and women attending a mosque must adhere to these guidelines."
Brian Jacques published the fantasy novel Mariel of Redwall in 1991.,Brian Jacques published the fantasy novel Mariel of Redwall in 1991.
Ryan Prosser is a professional rugby player for Bristol Rugby in the Guinness Premiership.,Ryan Prosser is a professional rugby player for Bristol Rugby in the Guinness Premiership.
"The assessment consists of four reports, three of them from working group.","The assessment consists of four reports, three of them from working group."
"Their granddaughter Helene is a professor of nuclear physics at the University of Paris, and their grandson Pierre is a biochemist.","Their granddaughter Helene is a professor of nuclear physics at the University of Paris, and their grandson Pierre is a biochemist."
"The stamp was used by Victoria until she was no longer the ruler, and many copies were printed.","The stamp was used by Victoria until she was no longer the ruler, and many copies were printed."
The International Fight League was known as the first American mixed martial arts (MMA) group.,The International Fight League was known as the first American mixed martial arts (MMA) group.
"Giardia lamblia is a parasite with whip-like appendages that lives and reproduces in the small intestine, causing giardiasis.","Giardia lamblia is a parasite with whip-like appendages that lives and reproduces in the small intestine, causing giardiasis."
"Cameron has worked in Christian-themed productions, including Left Behind: The Movie, Left Behind II: Tribulation Force, and Left Behind: World at War, where he plays the character Cameron ""Buck"" Williams.","Cameron has worked in Christian-themed productions, including Left Behind: The Movie, Left Behind II: Tribulation Force, and Left Behind: World at War, where he plays the character Cameron ""Buck"" Williams."
"The area east of the mouth of the Vistula River was sometimes called ""Prussia proper"".","The area east of the mouth of the Vistula River was sometimes called ""Prussia proper""."
After he graduated he went back to Yerevan.  In Yerevan he taught at the local Conservatory.  Later he became artistic director of the Armenian Philharmonic Orchestra.,After he graduated he went back to Yerevan. In Yerevan he taught at the local Conservatory. Later he became artistic director of the Armenian Philharmonic Orchestra.
The Christmas story is based on the biblical stories in the Gospels of Matthew and Luke.,The Christmas story is based on the biblical stories in the Gospels of Matthew and Luke.
"Later Weelkes found himself in trouble with the Chichester Cathedral authorities, due to his heavy drinking and improper behaviour.","Later Weelkes found himself in trouble with the Chichester Cathedral authorities, due to his heavy drinking and improper behaviour."
"Vic Reeves, Nancy Sorrell, Gaby Roslin, Scott Mills, Mark Chapman, Simon Gregson, Sue Cleaver, Carol Thatcher, Paul O'Grady and Lee Ryan have appeared in 'celebrity' episodes.","Vic Reeves, Nancy Sorrell, Gaby Roslin, Scott Mills, Mark Chapman, Simon Gregson, Sue Cleaver, Carol Thatcher, Paul O'Grady and Lee Ryan have appeared in 'celebrity' episodes."
"It was found by Stephen P. Synnott in images taken by the Voyager 1 space probe.They were taken on March 5, 1979 near Jupiter.","It was found by Stephen P. Synnott in images taken by the Voyager 1 space probe.They were taken on March 5, 1979 near Jupiter."
"""Gomaespuma"" was a Spanish radio show.  The hosts were Juan Luis Cano and Guillermo Fesser.","""Gomaespuma"" was a Spanish radio show. The hosts were Juan Luis Cano and Guillermo Fesser."
"On 16/06/2009 the release date of the album ""The Resistance"" was announced on the band's website.","On 16/06/2009 the release date of the album ""The Resistance"" was announced on the band's website."
He is also a member of the Jungiery boyband named 183 Club.,He is also a member of the Jungiery boyband named 183 Club.
The Apostolic Tradition was created by the religion expert Hippolytus. It shows the singing of Hallel psalms with Alleluia as the refrain in early Christian feasts.,The Apostolic Tradition was created by the religion expert Hippolytus. It shows the singing of Hallel psalms with Alleluia as the refrain in early Christian feasts.
"In return, Rollo swore loyalty to Charles and changed his religion to Christianity. He vowed to defend the northern region of France against other Viking groups.","In return, Rollo swore loyalty to Charles and changed his religion to Christianity. He vowed to defend the northern region of France against other Viking groups."
It is created from Voice of America (VoA) Special English.,It is created from Voice of America (VoA) Special English.
10-year-old child actress Shirley Temple presented Disney with one full size and 7 miniature Oscar statuettes.,10-year-old child actress Shirley Temple presented Disney with one full size and 7 miniature Oscar statuettes.
It was the first asteroid to be found be a spacecraft.,It was the first asteroid to be found be a spacecraft.
"Hinterrhein is a business district in Graubunden, Switzerland.","Hinterrhein is a business district in Graubunden, Switzerland."
It remains the Bohemian Switzerland in the Czech Republic.,It remains the Bohemian Switzerland in the Czech Republic.
"Customer confusion entails when 220 (1,048,576) bytes is referred to as 1 MB instead of 1 MiB.","Customer confusion entails when 220 (1,048,576) bytes is referred to as 1 MB instead of 1 MiB."
The incident was the subject of many reports as to ethics in scholarship.,The incident was the subject of many reports as to ethics in scholarship.
The animals are castrated to be more docile or put on weight quicker.,The animals are castrated to be more docile or put on weight quicker.
"Seventh sons have magical abilities, and seventh sons of seventh sons are extraordinarily rare and powerful.","Seventh sons have magical abilities, and seventh sons of seventh sons are extraordinarily rare and powerful."
"PassMark Software focused on the 2009 version's 52 second install time, 32 second scan time, and 7 MB memory utilization.","PassMark Software focused on the 2009 version's 52 second install time, 32 second scan time, and 7 MB memory utilization."
Volterra is a town in the Tuscany area.,Volterra is a town in the Tuscany area.
"Usually, the feelings of itch and pain have not been considered to be independent of each other until recently.","Usually, the feelings of itch and pain have not been considered to be independent of each other until recently."
"The tongue is sticky because it has a glycoprotein-rich mucous, which both helps movement in and out of the snout.","The tongue is sticky because it has a glycoprotein-rich mucous, which both helps movement in and out of the snout."
"The same train had derailed on May 30, 2006 at Starr Gate loop during earlier trials.","The same train had derailed on May 30, 2006 at Starr Gate loop during earlier trials."
"There are statues of Sir Alf Ramsey and Sir Bobby Robson, both who had been Ipswich Town and England managers, outside the ground.","There are statues of Sir Alf Ramsey and Sir Bobby Robson, both who had been Ipswich Town and England managers, outside the ground."
Take the square root of the average of the squared differences from the simple average of the numbers.,Take the square root of the average of the squared differences from the simple average of the numbers.
"Volunteers provided food, blankest, water, children's toys, massages, and a live musical performance for people at the stadium.","Volunteers provided food, blankest, water, children's toys, massages, and a live musical performance for people at the stadium."
Vouvray-sur-Huisne is a commune in the Pays-de-la-Loire area in northwestern France.,Vouvray-sur-Huisne is a commune in the Pays-de-la-Loire area in northwestern France.
"Without any strong land use controls, buildings are built along a bypass, which converts it into an ordinary town road.  The bypass may eventually become as congested as the local streets it was intended to avoid.","Without any strong land use controls, buildings are built along a bypass, which converts it into an ordinary town road. The bypass may eventually become as congested as the local streets it was intended to avoid."
"It is a starting point for people who want to explore Cooktown, Cape York Peninsula, or the Atherton Tableland.","It is a starting point for people who want to explore Cooktown, Cape York Peninsula, or the Atherton Tableland."
Bruises are often painful but not normally dangerous.,Bruises are often painful but not normally dangerous.
Only you can be responsible for your use of the information contained in on linked from wikipedia.,Only you can be responsible for your use of the information contained in on linked from wikipedia.
George Frideric Handel as served as Kapellmeister for George I of Great Britain.,George Frideric Handel as served as Kapellmeister for George I of Great Britain.
They have poor vision and small eyes.,They have poor vision and small eyes.
CHitin is the only biological material to compare to their toughness.,CHitin is the only biological material to compare to their toughness.
Oregano is an essential ingredient in Greek food.,Oregano is an essential ingredient in Greek food.
"Tickets can be sold for National Rail services, the Docklands Light Railway and on Oyster card.","Tickets can be sold for National Rail services, the Docklands Light Railway and on Oyster card."
He produced and published these works by himself but his much larger woodcuts were mostly produced by order.,He produced and published these works by himself but his much larger woodcuts were mostly produced by order.
The historical method made up the techniques and guidelines that is used by historians for the main sources and other evidence to research and then to write history.,The historical method made up the techniques and guidelines that is used by historians for the main sources and other evidence to research and then to write history.
The continental icecap on top of Lake Vostok weighs a lot. People think that its weight increases the oxygen in the water.,The continental icecap on top of Lake Vostok weighs a lot. People think that its weight increases the oxygen in the water.
"In 2000, 89,148 people lived there.","In 2000, 89,148 people lived there."
People who have aliteracy can read but aren't interested in reading.,People who have aliteracy can read but aren't interested in reading.
Mifepristone is a steroid that is manufactured. It is used as a drug.,Mifepristone is a steroid that is manufactured. It is used as a drug.
It waits for its next meal at the bottom of the river.,It waits for its next meal at the bottom of the river.
Children won't report people they know.,Children won't report people they know.
Landis' father is one of Floyd's biggest fans.,Landis' father is one of Floyd's biggest fans.
The hurricane started breaking after reaching cat 4.,The hurricane started breaking after reaching cat 4.
Wage is the price for labor.,Wage is the price for labor.
"Convinced the grounds were haunted, they published their findings in a book An Adventure (1911), with the fake names Elizabeth Morison and Frances Lamont.","Convinced the grounds were haunted, they published their findings in a book An Adventure (1911), with the fake names Elizabeth Morison and Frances Lamont."
"He settled in London, devoting himself practical teaching.","He settled in London, devoting himself practical teaching."
"Brunstad has several fast food restaurants, a cafeteria-style restaurant, coffee bar, and a grocery store.","Brunstad has several fast food restaurants, a cafeteria-style restaurant, coffee bar, and a grocery store."
"He left a 11,000 troops to garrison the newly conquered region.","He left a 11,000 troops to garrison the newly conquered region."
"In 1438 Trevi passed under the temporal rule of the Church as part of the legation of Perugia, and thenceforth its history merges first with the States of the Church, then with the united Kingdom of Italy.","In 1438 Trevi passed under the temporal rule of the Church as part of the legation of Perugia, and thenceforth its history merges first with the States of the Church, then with the united Kingdom of Italy."
"The depression moved inland on the 20th as a circulation devoid of convection, and dissipated the next day over Brazil, causing heavy rains and flooding.","The depression moved inland on the 20th as a circulation devoid of convection, and dissipated the next day over Brazil, causing heavy rains and flooding."
The New York City Housing Authority Police Department was a law enforcement agency in New York City from 1952 to 1995.,The New York City Housing Authority Police Department was a law enforcement agency in New York City from 1952 to 1995.
Flynn plays the guitar and vocals. Duce plays the bass. Phill Demmel plays the guitar. Dave McClain plays the drums.,Flynn plays the guitar and vocals. Duce plays the bass. Phill Demmel plays the guitar. Dave McClain plays the drums.
Mosques play a larger role in civic participation in advocacy countries with a Muslim minority.,Mosques play a larger role in civic participation in advocacy countries with a Muslim minority.
The characters are similar to their earlier characters Pete and Dud.,The characters are similar to their earlier characters Pete and Dud.
Johan used to play bass for HammerFall. He quit before the band released a studio album.,Johan used to play bass for HammerFall. He quit before the band released a studio album.
"In 1998, Culver successfully ran for Iowa Secretary of State.","In 1998, Culver successfully ran for Iowa Secretary of State."
"In 1990, Mark Messier took the Hart over Ray Bourque by a two-vote margin.","In 1990, Mark Messier took the Hart over Ray Bourque by a two-vote margin."
"Shade sets the novel's plot in motion when he defies that law, initiating a chain of events leading to the destruction of his colony's home, forcing their migration, and his separation from them.","Shade sets the novel's plot in motion when he defies that law, initiating a chain of events leading to the destruction of his colony's home, forcing their migration, and his separation from them."
The female version is a daughter.,The female version is a daughter.
He was diagnosed with abdominal cancer in 1999.  The cancer was inoperable.,He was diagnosed with abdominal cancer in 1999. The cancer was inoperable.
"Before the storm came, the National Park Service closed visitor centers and campgrounds near the Outer Banks.","Before the storm came, the National Park Service closed visitor centers and campgrounds near the Outer Banks."
"Speed chess is a form of chess.  In speed chess, each player has a total of 12 minutes to complete the game.","Speed chess is a form of chess. In speed chess, each player has a total of 12 minutes to complete the game."
The Amazon Basin is part of South America.  It is drained by the Amazon River and the river's tributaries.,The Amazon Basin is part of South America. It is drained by the Amazon River and the river's tributaries.
The two former presidents were later charged with mutiny and treason for their roles in the 1979 coup and the 1980 Gwangju massacre.,The two former presidents were later charged with mutiny and treason for their roles in the 1979 coup and the 1980 Gwangju massacre.
Moderate to severe damage went up the Atlantic coastline and as far inland as West Virginia.,Moderate to severe damage went up the Atlantic coastline and as far inland as West Virginia.
"Because the owner is usually unaware, these computers are metaphorically compared to zombies.","Because the owner is usually unaware, these computers are metaphorically compared to zombies."
The wave traveled across the Atlantic and became tropical depression off the northern coast of Haiti on September 13.,The wave traveled across the Atlantic and became tropical depression off the northern coast of Haiti on September 13.
"For example, the Associated Press Stylebook is updated every year.","For example, the Associated Press Stylebook is updated every year."
"The four canonical texts are the Gospel of Matthew, Mark,  Luke and John. Those Gospels were probably written between AD 65 and 100 (see the Gospel according to the Hebrews as well).","The four canonical texts are the Gospel of Matthew, Mark, Luke and John. Those Gospels were probably written between AD 65 and 100 (see the Gospel according to the Hebrews as well)."
"Since the end of the 19th century, Eschelbronn is famous in the industry for producing furniture.","Since the end of the 19th century, Eschelbronn is famous in the industry for producing furniture."
The upper part also looks like the coat of arms of the previous district Oberbarnim.,The upper part also looks like the coat of arms of the previous district Oberbarnim.
"The clouds on Earth are made of crystals of ice. But on Neptune, the clouds are made of crystals of frozen methane.","The clouds on Earth are made of crystals of ice. But on Neptune, the clouds are made of crystals of frozen methane."
They cannot participate fully until they are adults.,They cannot participate fully until they are adults.
"Development Stable releases are rare. Instead, Subversion snapshots can be used.","Development Stable releases are rare. Instead, Subversion snapshots can be used."
"In 1482 the Order sent him to Florence, called the ""city of his destiny.""","In 1482 the Order sent him to Florence, called the ""city of his destiny."""
The Bolsheviks ruined two cathedrals in Nakhichevan from 1783-1807.,The Bolsheviks ruined two cathedrals in Nakhichevan from 1783-1807.
He died in 1518 in Spain and was buried in the San Benito d'Alcantara church.,He died in 1518 in Spain and was buried in the San Benito d'Alcantara church.
Harold Urey and Stanley Miller showed this in an experiment in 1953.,Harold Urey and Stanley Miller showed this in an experiment in 1953.
Cogenereation is the use of heat to generate electricity and useful heat.,Cogenereation is the use of heat to generate electricity and useful heat.
"Sometimes the male ""den master"" will allow a second male into the den.","Sometimes the male ""den master"" will allow a second male into the den."
A Wikipedia gadget uses JavaScript or CSS and can be enabled by checking an option in Wikipedia preferences.,A Wikipedia gadget uses JavaScript or CSS and can be enabled by checking an option in Wikipedia preferences.
Below are some links to help with your involvement.,Below are some links to help with your involvement.
He served as prime minister of Egypt between 1945 and 1946 and from 1946 to 1948.,He served as prime minister of Egypt between 1945 and 1946 and from 1946 to 1948.
"When the rest of the NIcolenos moved to the mainland, she was left behind for reasons unknown.","When the rest of the NIcolenos moved to the mainland, she was left behind for reasons unknown."
"He was appointed a Gentleman of the Chapel Royal by James I, and served as an organist from 1615 until his death.","He was appointed a Gentleman of the Chapel Royal by James I, and served as an organist from 1615 until his death."
Chauvin was embarassed to receive his award and almost didn't accept it.,Chauvin was embarassed to receive his award and almost didn't accept it.
"Speakers of Esperanto began to see the language and that culture in themselves, even if it is never adopted by the United Nations or other international organizations.","Speakers of Esperanto began to see the language and that culture in themselves, even if it is never adopted by the United Nations or other international organizations."
The air was dry and went around the south end of the storm damaging most of the deep convection by early on September 12.,The air was dry and went around the south end of the storm damaging most of the deep convection by early on September 12.
Calvin Baker is an American writer.,Calvin Baker is an American writer.
"Eva Anna Paula Braun, died Eva Anna Paula Hitler (6 February 1912 – 30 April 1945) was the close friend and wife of Adolf Hitler.","Eva Anna Paula Braun, died Eva Anna Paula Hitler (6 February 1912 – 30 April 1945) was the close friend and wife of Adolf Hitler."
The licenses each get a different number.,The licenses each get a different number.
Most IRC servers do not require their users to register but the user will have to set a nickname before being connected.,Most IRC servers do not require their users to register but the user will have to set a nickname before being connected.
"On the same year, he also got a mechanics certificate which made him the youngest certificated airplane mechanic in New York.","On the same year, he also got a mechanics certificate which made him the youngest certificated airplane mechanic in New York."
"SummerSlam (2009) is the next professional wrestling event that you can watch by paying, produced by World Wrestling Entertainment (WWE), which will take place on August 23, 2009 at Staples Center in Los Angeles, California.","SummerSlam (2009) is the next professional wrestling event that you can watch by paying, produced by World Wrestling Entertainment (WWE), which will take place on August 23, 2009 at Staples Center in Los Angeles, California."
He is said to be the personification of the Southern Polestar which is usually portrayed as being bald and has long whiskers.,He is said to be the personification of the Southern Polestar which is usually portrayed as being bald and has long whiskers.
Some animals change color in different environments. Sometimes this is because of the season.,Some animals change color in different environments. Sometimes this is because of the season.
Val Venis beat Rikishi ina Steel cage match to keep his championship. Venis pinned Rikishi after Tazz hit Rikishi with a TV camera.,Val Venis beat Rikishi ina Steel cage match to keep his championship. Venis pinned Rikishi after Tazz hit Rikishi with a TV camera.
"This is like the Unix idea of having many programs, each doing one thing well, working together.","This is like the Unix idea of having many programs, each doing one thing well, working together."
His family was very musical. His mother was a singer and his father was a band director.,His family was very musical. His mother was a singer and his father was a band director.
"Most Mennonites are in Canada, Democratic Republic of Congo and the United States, but Mennonites can also be found in tight-knit communities in at least 51 countries on six continents or scattered amongst the populace of those countries.","Most Mennonites are in Canada, Democratic Republic of Congo and the United States, but Mennonites can also be found in tight-knit communities in at least 51 countries on six continents or scattered amongst the populace of those countries."
"Naas is a major ""Dublin Suburb,"" with many living in Naas and working in Dublin.","Naas is a major ""Dublin Suburb,"" with many living in Naas and working in Dublin."
"Acanthopholis's armour consisted of oval plates set almost horizontally into the skin, with spikes protruding  along the spine.","Acanthopholis's armour consisted of oval plates set almost horizontally into the skin, with spikes protruding along the spine."
"Origin Irmo was chartered on Christmas Eve in 1890 with the opening of the Columbia, Newberry and Laurens Railroad.","Origin Irmo was chartered on Christmas Eve in 1890 with the opening of the Columbia, Newberry and Laurens Railroad."
Bills started by the Law Commission and Cosolidation bills begin in the House of Lords.,Bills started by the Law Commission and Cosolidation bills begin in the House of Lords.
Right before Vlad was let out in 1474 he lived with his new wife in the Hungarian capital and prepared for beating Wallachia.,Right before Vlad was let out in 1474 he lived with his new wife in the Hungarian capital and prepared for beating Wallachia.
"You can put up to five words for the Front-Cover Text, 25 words for the back-cover text, to the end of the list or cover texts in the changed version.","You can put up to five words for the Front-Cover Text, 25 words for the back-cover text, to the end of the list or cover texts in the changed version."
"He is buried in the Restvale Cemetary in Alsip, Illinois.","He is buried in the Restvale Cemetary in Alsip, Illinois."
The flexible tissue found inside bones is bone marrow.,The flexible tissue found inside bones is bone marrow.
Reflection nebulae are usually blue because the light scattering is more efficient than red.,Reflection nebulae are usually blue because the light scattering is more efficient than red.
Monteux is a commune in southern France.,Monteux is a commune in southern France.
"MacGruber begins asking for devices to defuse the bomb, but is distracted and runs out of time.","MacGruber begins asking for devices to defuse the bomb, but is distracted and runs out of time."
"When Messiaen died, Yvonne Loriod handled the final movement's orchestration with advice from George Benjamin.","When Messiaen died, Yvonne Loriod handled the final movement's orchestration with advice from George Benjamin."
"After the cities of Mecca, Medina, Jerusalem and Najaf, the city of Karbala is considered to be one of the holiest cities by the Shi'a Muslims.","After the cities of Mecca, Medina, Jerusalem and Najaf, the city of Karbala is considered to be one of the holiest cities by the Shi'a Muslims."
"The PAD wanted the governments of Thaksin Shinawatra, Samak Sundaravej and Somchai Wongsawat to resign.  The PAD accused them of being a go-between Thaksin.","The PAD wanted the governments of Thaksin Shinawatra, Samak Sundaravej and Somchai Wongsawat to resign. The PAD accused them of being a go-between Thaksin."
"Traveling through far away areas requires advance planning and a suitable, reliable vehicle (usually a four wheel drive).","Traveling through far away areas requires advance planning and a suitable, reliable vehicle (usually a four wheel drive)."
"When he was at Kahn, he designed the Fisher Building in 1928.","When he was at Kahn, he designed the Fisher Building in 1928."
He says goodbye and he and Dr. Schön leave.,He says goodbye and he and Dr. Schön leave.
Britpop came from the music in Britian in the early 1990s and was influenced by British pop in the 1960s and 1970s.,Britpop came from the music in Britian in the early 1990s and was influenced by British pop in the 1960s and 1970s.
This merged into battalions for the XI International Brigade.,This merged into battalions for the XI International Brigade.
"The Sheppard line now has fewer riders than the other two subway lines.  Therefore, shorter trains run.","The Sheppard line now has fewer riders than the other two subway lines. Therefore, shorter trains run."
"It can hold 98,772 people making it the largest stadium in Europe and the eleventh largest in the world.","It can hold 98,772 people making it the largest stadium in Europe and the eleventh largest in the world."
"In 1967, Ten Boom was honored as one of the Righteous Among the Nations by the State of Israel.","In 1967, Ten Boom was honored as one of the Righteous Among the Nations by the State of Israel."
Some articles are long and detailed; others are shorter and of lesser quality.,Some articles are long and detailed; others are shorter and of lesser quality.
Around 95 species are accepted now.,Around 95 species are accepted now.
"Eugowra is named after the native Australian word that means ""The place where the sand washes down the hill"".","Eugowra is named after the native Australian word that means ""The place where the sand washes down the hill""."
"Terms like  ""undies"" for underwear and ""movie"" for ""moving picture"" are often heard in English.","Terms like ""undies"" for underwear and ""movie"" for ""moving picture"" are often heard in English."
"Jurisdiction gets its material from public international law, conflict of laws, constitutional law and the powers of the executive and legislative of the government to give the resources to best serve the needs of its society.","Jurisdiction gets its material from public international law, conflict of laws, constitutional law and the powers of the executive and legislative of the government to give the resources to best serve the needs of its society."
"Afterwards, he had a few other pieces about Hiawatha:  The Death of Minnehaha, Overture to The Song of Hiawatha and Hiawatha's Departure.","Afterwards, he had a few other pieces about Hiawatha: The Death of Minnehaha, Overture to The Song of Hiawatha and Hiawatha's Departure."
The leader city in the state is Aracaju.,The leader city in the state is Aracaju.
Farrenc was paid less than the men at her job for about 10 years.,Farrenc was paid less than the men at her job for about 10 years.
Gumbasia was made in a way Vorkapich taught called Kinesthetic Film Principles.,Gumbasia was made in a way Vorkapich taught called Kinesthetic Film Principles.
"MK Sun grew up to be a lawyer like his idol, Brandon (Waise Lee).","MK Sun grew up to be a lawyer like his idol, Brandon (Waise Lee)."
"ISBN 1-876429-14-3 is an historic township located near Cowra. It is in the western part of New South Wales, Australia in Cabonne Shire.","ISBN 1-876429-14-3 is an historic township located near Cowra. It is in the western part of New South Wales, Australia in Cabonne Shire."
"On 18 June 2002, Donaldson enlisted in the Australian Arm.","On 18 June 2002, Donaldson enlisted in the Australian Arm."
"Lawyers from California, Europe and China were also looking along the Peel River and up the mountain slopes.","Lawyers from California, Europe and China were also looking along the Peel River and up the mountain slopes."
The pocket calculator replaced its use in science and engineering.,The pocket calculator replaced its use in science and engineering.
The Kindle 2 has attractive features. It has multiple levels of grayscale display. The Kindle 2 is thinner. It has a better battery life. Pages refresh faster now. It will also read text to you.,The Kindle 2 has attractive features. It has multiple levels of grayscale display. The Kindle 2 is thinner. It has a better battery life. Pages refresh faster now. It will also read text to you.
We make yoghurt or yogurt by fermenting milk.,We make yoghurt or yogurt by fermenting milk.
Defencemen have the most players in the Hall of Fame at 75. Goaltenders have 35.,Defencemen have the most players in the Hall of Fame at 75. Goaltenders have 35.
"Throughout centuries, different views of the topic were suggested, but most Christians dismissed them.","Throughout centuries, different views of the topic were suggested, but most Christians dismissed them."
"Across the country, many record stores did not allow the album to be sold.","Across the country, many record stores did not allow the album to be sold."
"At the top, the legs are wide.  The ankles are narrow.","At the top, the legs are wide. The ankles are narrow."
"In 2004, Sulemon removed Howard Stern's radio show from 4 Citadel radio stations.  This was because Stern stated many times that he was moving to Sirius Satellite Radio.","In 2004, Sulemon removed Howard Stern's radio show from 4 Citadel radio stations. This was because Stern stated many times that he was moving to Sirius Satellite Radio."
The company opened many outlets in Canada. They opened twice as many as McDonald's. Their system-wide sales were higher than McDonald's in 2002.,The company opened many outlets in Canada. They opened twice as many as McDonald's. Their system-wide sales were higher than McDonald's in 2002.
"Plot Captain Caleb Holt is a firefighter in Georgia. ""Never leave your partner behind"" is the main rule of firemen. He follows this rule.","Plot Captain Caleb Holt is a firefighter in Georgia. ""Never leave your partner behind"" is the main rule of firemen. He follows this rule."
He won the presidential election in 2008. The popular vote was 71.25%.,He won the presidential election in 2008. The popular vote was 71.25%.
Plants are living fossils.,Plants are living fossils.
She was the only female allowed to perform in Saudi Arabia in 1990.,She was the only female allowed to perform in Saudi Arabia in 1990.
Stravinsky decided to write his ballet in 1913.,Stravinsky decided to write his ballet in 1913.
Protests were stopped across the nation.,Protests were stopped across the nation.
"Offenbach's operettas, like Orpheus in the Underworld and La belle Helene, were popular in France and English-speaking countries in the 1850s and 1860s.","Offenbach's operettas, like Orpheus in the Underworld and La belle Helene, were popular in France and English-speaking countries in the 1850s and 1860s."
Roof tiles from the Tang Dynasty with this symbol  have been found west of the ancient city of Chang'an which is Xian in modern days.,Roof tiles from the Tang Dynasty with this symbol have been found west of the ancient city of Chang'an which is Xian in modern days.
"Jeanne Marie-Madeleine Demessieux  who was born on February 13th 1921 and died on November 11th 1968 was a French organist, pianist, composer, and school teacher.","Jeanne Marie-Madeleine Demessieux who was born on February 13th 1921 and died on November 11th 1968 was a French organist, pianist, composer, and school teacher."
"Mostly, the instrument was almost impossible to control.","Mostly, the instrument was almost impossible to control."
Santa Maria Maggiore or St. Mary the Greater is the earliest church that still exist in Assisi.,Santa Maria Maggiore or St. Mary the Greater is the earliest church that still exist in Assisi.
Radar is made up of fairly pure iron-nickel.,Radar is made up of fairly pure iron-nickel.
"Railway Gazette International is a monthly journal.  Articles cover the global railway, metro, light rail and tram industries.","Railway Gazette International is a monthly journal. Articles cover the global railway, metro, light rail and tram industries."
In 1988 he was chosen as a Companion of Honour.,In 1988 he was chosen as a Companion of Honour.
"The installation of Onyx is located in Loèche, Switzerland.  Onyx is the Swiss interception system for electronic intelligence gathering.","The installation of Onyx is located in Loèche, Switzerland. Onyx is the Swiss interception system for electronic intelligence gathering."
A matchbook is a small case for matches that folds over them and has a rough surface on the outside.,A matchbook is a small case for matches that folds over them and has a rough surface on the outside.
She was one of the first doctors to say not to smoke cigarettes near children and pregnant women.,She was one of the first doctors to say not to smoke cigarettes near children and pregnant women.
She said she would not go against the Commune and said the judges could sentence her to death if they dared.,She said she would not go against the Commune and said the judges could sentence her to death if they dared.
The series Graystripe's Trilogy : There is a three part series in English which is the time between dawn when he was taken by Twolegs until he was taken back to ThunderClan in the Sight.,The series Graystripe's Trilogy : There is a three part series in English which is the time between dawn when he was taken by Twolegs until he was taken back to ThunderClan in the Sight.
"Samovar & Porter (1994), page 84 Syrians did not meet in city areas; many of the immigrants who had worked as peddlers were able to interact with Americans on a daily basis.","Samovar & Porter (1994), page 84 Syrians did not meet in city areas; many of the immigrants who had worked as peddlers were able to interact with Americans on a daily basis."
"He was also well known for his prints, book covers, posters, and garden metalwork furniture.","He was also well known for his prints, book covers, posters, and garden metalwork furniture."
"During childhood she had collapsed lungs twice. She also had pneumonia 4 or 5 times a year, a burst appendix, and had a tonsillar cyst.","During childhood she had collapsed lungs twice. She also had pneumonia 4 or 5 times a year, a burst appendix, and had a tonsillar cyst."
"Dr. David Lindenmeyer  has said that the need for nest boxes shows that logging practices are not able to be continued, for saving hollow-dependent species like Leadbeater's possum.","Dr. David Lindenmeyer has said that the need for nest boxes shows that logging practices are not able to be continued, for saving hollow-dependent species like Leadbeater's possum."
"The Montreal Canadiens are a professional ice hockey team. They are based in Montreal, Quebec, Canada.","The Montreal Canadiens are a professional ice hockey team. They are based in Montreal, Quebec, Canada."
"Small value inductors can also be built on integrated circuits,  using the same processes that are used to make transistors.","Small value inductors can also be built on integrated circuits, using the same processes that are used to make transistors."
"The term gribble was originally assigned to the wood-boring species, especially the first species Limnoria lignorum. This species came from Norway and was described by Rathke in 1799.","The term gribble was originally assigned to the wood-boring species, especially the first species Limnoria lignorum. This species came from Norway and was described by Rathke in 1799."
The wounds inflicted by a club are known as bludgeoning or blunt-force trauma injuries.,The wounds inflicted by a club are known as bludgeoning or blunt-force trauma injuries.
"After that, the county's administrative jobs were done at Duns or Lauder. This continued until Greenlaw became the county town in 1596.","After that, the county's administrative jobs were done at Duns or Lauder. This continued until Greenlaw became the county town in 1596."
"Right now, no skater has performed a quadruple Axel in competition.","Right now, no skater has performed a quadruple Axel in competition."
The Port Jackson District Commandant could use the telephone to contact every military installation by the port.,The Port Jackson District Commandant could use the telephone to contact every military installation by the port.
"People might go to a mosque without wanting to pray. There are still rules for those people, too.","People might go to a mosque without wanting to pray. There are still rules for those people, too."
It is described as a v-shaped face and about the size of a rabbit.,It is described as a v-shaped face and about the size of a rabbit.
Computer performance is identified by the amount of useful work accomplished by the system compared to the time and resources used.,Computer performance is identified by the amount of useful work accomplished by the system compared to the time and resources used.
Some of the largest water supplies in the world can be found along the Volga.,Some of the largest water supplies in the world can be found along the Volga.
The staff carried by the bishop represents the religious community of the region.,The staff carried by the bishop represents the religious community of the region.
Human skin shades range from very dark brown to very pale pink.,Human skin shades range from very dark brown to very pale pink.
"Bankers from ShoreBank in Chicago helped Yunus with the incorporation of the bank, with a grant from the Ford Foundation.","Bankers from ShoreBank in Chicago helped Yunus with the incorporation of the bank, with a grant from the Ford Foundation."
"Bremer reported plans to put Saddam on trial, but claimed the details had not been determined.","Bremer reported plans to put Saddam on trial, but claimed the details had not been determined."
"At the end of the regular season, the All-Star Team is chosen by representatives of the Professional Hockey Writers' Association.","At the end of the regular season, the All-Star Team is chosen by representatives of the Professional Hockey Writers' Association."
"Tajikistan, Turkmenistan and Uzbekistan border Afghanistan, Iran, Pakistan, and the People's Republic of China.","Tajikistan, Turkmenistan and Uzbekistan border Afghanistan, Iran, Pakistan, and the People's Republic of China."
"Nupedia was created on March 9, 2000, by Bomis, Inc.","Nupedia was created on March 9, 2000, by Bomis, Inc."
Important parts include key-dependent S-boxes and a highly complex key schedule.,Important parts include key-dependent S-boxes and a highly complex key schedule.
Iain Grieve is a rugby union back-rower for Bristol Rugby.,Iain Grieve is a rugby union back-rower for Bristol Rugby.
Pont-Bellanger and Beaumesnil are nearby settlements.,Pont-Bellanger and Beaumesnil are nearby settlements.
Physicists Murray Gell-Mann and George Zweig proposed the quark model in 1964.,Physicists Murray Gell-Mann and George Zweig proposed the quark model in 1964.
The fourth ring of the column is decorated with golden garlands and was added in 1938-39.,The fourth ring of the column is decorated with golden garlands and was added in 1938-39.
West Berlin had its own postal administration and postage stamps until 1990.  It was separate from West Germany's.,West Berlin had its own postal administration and postage stamps until 1990. It was separate from West Germany's.
The Primavera is by the Italian Renaissance painter Sandro Botticelli.,The Primavera is by the Italian Renaissance painter Sandro Botticelli.
Sydney is the largest city in New South Wales. It is also the capital.,Sydney is the largest city in New South Wales. It is also the capital.
"The binding agent is most often epoxy, but others, such as as polyester, vinyl ester or nylon, are also used.","The binding agent is most often epoxy, but others, such as as polyester, vinyl ester or nylon, are also used."
"The name survives as a related spin-off digital television channel, digital radio station, and website which have survived the end of the printed magazine.","The name survives as a related spin-off digital television channel, digital radio station, and website which have survived the end of the printed magazine."
At four-and-a-half years old he was left to take care for himself on the streets of northern Italy for the next four years. He also lived in various orphanages and traveled  through towns with groups of other homeless children.,At four-and-a-half years old he was left to take care for himself on the streets of northern Italy for the next four years. He also lived in various orphanages and traveled through towns with groups of other homeless children.
"Finally, Stands were added behind each set of goals during the 1980 and 1990 as the ground began to be modernized.","Finally, Stands were added behind each set of goals during the 1980 and 1990 as the ground began to be modernized."
A town can be correctly described as a market town or as having rights to trade even if it doesn't have a market anymore because the right to do it is still exists.,A town can be correctly described as a market town or as having rights to trade even if it doesn't have a market anymore because the right to do it is still exists.
A fort on the eastern access road was built later.,A fort on the eastern access road was built later.
July 29 - Battle of Stiklestad (Norway): Olav Haraldsson loses to his pagan vassals and is killed.,July 29 - Battle of Stiklestad (Norway): Olav Haraldsson loses to his pagan vassals and is killed.
Others thought that Tresca was removed by the NKVD as revenge for criticizing the Stalin regime of the Soviet Union.,Others thought that Tresca was removed by the NKVD as revenge for criticizing the Stalin regime of the Soviet Union.
This resulted in Montenegro and Serbia becoming independent countries.,This resulted in Montenegro and Serbia becoming independent countries.
Use HTML and CSS sparingly and for good reasons.,Use HTML and CSS sparingly and for good reasons.
Schuschnigg said that reports of riots were false.,Schuschnigg said that reports of riots were false.
"Addiscombe is a small town in Croydon, England.","Addiscombe is a small town in Croydon, England."
"One more related meaning of constituent is that of a citizen living in the area governed, represented, or otherwise served by a politician.","One more related meaning of constituent is that of a citizen living in the area governed, represented, or otherwise served by a politician."
"Prunk is a member of Institute of European History in Mainz, and a long time fellow of the Center for European Integration Studies in Bonn.","Prunk is a member of Institute of European History in Mainz, and a long time fellow of the Center for European Integration Studies in Bonn."
Stallone also had a small part in a 2003 French film called Taxi 3.,Stallone also had a small part in a 2003 French film called Taxi 3.
Instead. the crew attached a pole to the vehicle and shot the scene on a highway.,Instead. the crew attached a pole to the vehicle and shot the scene on a highway.
The conference papers were published in a book the next year.,The conference papers were published in a book the next year.
Wario Land is the latest spin-off from the Super Mario Land series.,Wario Land is the latest spin-off from the Super Mario Land series.
Opus 57 is a lullaby on the solo piano by Frederic Chopin.,Opus 57 is a lullaby on the solo piano by Frederic Chopin.
The attacks may have been psychological rather than physical in nature.,The attacks may have been psychological rather than physical in nature.
"Quinine's potency gave colonists opportunities to swarm into the Gold Coast, Nigeria, and other parts of west Africa.","Quinine's potency gave colonists opportunities to swarm into the Gold Coast, Nigeria, and other parts of west Africa."
"Stectroscopic studies have shown evidence of hydrated minerals and silicates, which indicate a stony surface composition.","Stectroscopic studies have shown evidence of hydrated minerals and silicates, which indicate a stony surface composition."
She became the chief editor of her husband's works for Breitkopf und Härtel.,She became the chief editor of her husband's works for Breitkopf und Härtel.
Mercury looks like the Moon. It has many craters with areas of smooth plains. It also has no natural satellites and not much atmosphere.,Mercury looks like the Moon. It has many craters with areas of smooth plains. It also has no natural satellites and not much atmosphere.
Georgraphy The town is in the Limmat Valley between Baden and Zurich.,Georgraphy The town is in the Limmat Valley between Baden and Zurich.
"These provide an excellent environment for chinkara, hog deer and blue bull.","These provide an excellent environment for chinkara, hog deer and blue bull."
"After the Sena dynasty, Dhaka was ruled by Turkish and Afghan governors descending from the Delhi Sultanate before Mughals came in 1608.","After the Sena dynasty, Dhaka was ruled by Turkish and Afghan governors descending from the Delhi Sultanate before Mughals came in 1608."
The Prime Minister stays in office only with the support of the lower house.,The Prime Minister stays in office only with the support of the lower house.
"For Rowling, this scene is important because it shows Harry's bravery, and by retrieving Cedric's corpse, he shows selflessness and compassion.","For Rowling, this scene is important because it shows Harry's bravery, and by retrieving Cedric's corpse, he shows selflessness and compassion."
"On June 1, 1972, he and fellow RAF members Jan-Carl Raspe and Holger Meins were apprehended after a long shootout in Frankfurt.","On June 1, 1972, he and fellow RAF members Jan-Carl Raspe and Holger Meins were apprehended after a long shootout in Frankfurt."
They created contemporary music group New Music Manchester.,They created contemporary music group New Music Manchester.
The intense hurricane caused huge damage in the upper Florida Keys with storm surge of about 18 to 20 feet.,The intense hurricane caused huge damage in the upper Florida Keys with storm surge of about 18 to 20 feet.
"It's now the site of Meher Baba's samadhi (tomb-shrine), plus facilities and accommodations for pilgrims.","It's now the site of Meher Baba's samadhi (tomb-shrine), plus facilities and accommodations for pilgrims."
The main church's collapsed dome has been restored.,The main church's collapsed dome has been restored.
"In 2005, Meissner became the second American woman to do the triple Axel jump in a national competition.","In 2005, Meissner became the second American woman to do the triple Axel jump in a national competition."
"Salem is one of the city in Essex County, Massachusetts, United States of America.","Salem is one of the city in Essex County, Massachusetts, United States of America."
49 species of pipefish and 9 species of seahorse have been recorded.,49 species of pipefish and 9 species of seahorse have been recorded.
Saint Martin is a tropical island in the northeast part of the Caribbean which is located around 300 km (186 miles) east of Puerto Rico.,Saint Martin is a tropical island in the northeast part of the Caribbean which is located around 300 km (186 miles) east of Puerto Rico.
These PDFs cannot be distributed without further changes if they have images.,These PDFs cannot be distributed without further changes if they have images.
Ben was arrested in April 1862 on Police Inspector Pottinger's orders for an armed robbery with Frank Gardiner.,Ben was arrested in April 1862 on Police Inspector Pottinger's orders for an armed robbery with Frank Gardiner.
Heavy rain fell across parts of Britain on October 5. This caused localized floods.,Heavy rain fell across parts of Britain on October 5. This caused localized floods.
Version 2009.1 provides a way to create a Live USB that stores user configurations and personal data.,Version 2009.1 provides a way to create a Live USB that stores user configurations and personal data.
"Relatively representing the parties' proportional strength in the Federal Assembly, the seat distribution was: Free Democratic Party (FDP): 2 members, Christian Democratic People's Party: 2 members, Social Democratic Party: 2, and Swiss People's Party: 1.","Relatively representing the parties' proportional strength in the Federal Assembly, the seat distribution was: Free Democratic Party (FDP): 2 members, Christian Democratic People's Party: 2 members, Social Democratic Party: 2, and Swiss People's Party: 1."
"A fee is paid for services, especially the amount paid to a doctor, lawyer, consultant, or other educated professional.","A fee is paid for services, especially the amount paid to a doctor, lawyer, consultant, or other educated professional."
Ohio State's library system includes twenty-one libraries on its Columbus campus.,Ohio State's library system includes twenty-one libraries on its Columbus campus.
"In other developments, Iceland and Greenland accepted Norwegian dominance, but Scotland repulsed a Norse invasion and broker a favorable peace settlement.","In other developments, Iceland and Greenland accepted Norwegian dominance, but Scotland repulsed a Norse invasion and broker a favorable peace settlement."
"The album's songs included ""By the Way"", ""The Zephyr Song"", ""Ca n't Stop"", ""Dosed"" and ""Universally Speaking"".","The album's songs included ""By the Way"", ""The Zephyr Song"", ""Ca n't Stop"", ""Dosed"" and ""Universally Speaking""."
"In April 2000, MINIX became a free software, but operating systems had surpassed its capabilities at this time, so it stayed mostly used by students and hobbyists.","In April 2000, MINIX became a free software, but operating systems had surpassed its capabilities at this time, so it stayed mostly used by students and hobbyists."
"The body color varies from medium brown to gold-ish to beige-white; sometimes it has dark brown spots, especially on the limbs.","The body color varies from medium brown to gold-ish to beige-white; sometimes it has dark brown spots, especially on the limbs."
"The Britannica was mainly a Scottish business, as seen by its thistle logo, the floral emblem of Scotland.","The Britannica was mainly a Scottish business, as seen by its thistle logo, the floral emblem of Scotland."
"The area covered by the warning issued on September 22 expanded southwards as Jose intensified, before being canceled after landfall September 23.","The area covered by the warning issued on September 22 expanded southwards as Jose intensified, before being canceled after landfall September 23."
"In August 2003, the San Diego Union Tribune alleged U.S. Marine pilots and their commanders confirmed the use of Mark 77 firebombs on Iraqi Republican Guards during the early stages of combat.","In August 2003, the San Diego Union Tribune alleged U.S. Marine pilots and their commanders confirmed the use of Mark 77 firebombs on Iraqi Republican Guards during the early stages of combat."
"The latter provided audiences with the sort of information later provided by intertitles, and can help historians imagine what the film may was like.","The latter provided audiences with the sort of information later provided by intertitles, and can help historians imagine what the film may was like."
"That is because real estate, businesses and other assets in the underground economies of the Third World can't be used as collateral to raise capital to finance industrial and commercial expansion.","That is because real estate, businesses and other assets in the underground economies of the Third World can't be used as collateral to raise capital to finance industrial and commercial expansion."
He escaped from Sydney Cove a few times before hew was shot dead in 1796.,He escaped from Sydney Cove a few times before hew was shot dead in 1796.
"Ned and Dan went to the police camp.  There, they ordered them to surrender.","Ned and Dan went to the police camp. There, they ordered them to surrender."
"Before the second game started, teh press agreed that the ""midget-in-a-cake"" appearance was not as good as Veeck's usual promotions.","Before the second game started, teh press agreed that the ""midget-in-a-cake"" appearance was not as good as Veeck's usual promotions."
"In a short video for the charity Equality Now, Joss Whedon stated that ""Fray is not done, Fray is coming back"".","In a short video for the charity Equality Now, Joss Whedon stated that ""Fray is not done, Fray is coming back""."
A pretend character in comic books by marvel comics is called a mutant.,A pretend character in comic books by marvel comics is called a mutant.
The SAT Reasoning Test (it used to be called the Scholastic Aptitude Test and Scholastic Assessment Test) is a test of equality to get into college in the United States.,The SAT Reasoning Test (it used to be called the Scholastic Aptitude Test and Scholastic Assessment Test) is a test of equality to get into college in the United States.
Northern Italy had fighting of citizens and made the music where people said they were sorry called Geisslerlieder sung by bands of Flagellants that move around popular.,Northern Italy had fighting of citizens and made the music where people said they were sorry called Geisslerlieder sung by bands of Flagellants that move around popular.
Reports show that different things cause a greater chance of both paralysis and hallucinations.,Reports show that different things cause a greater chance of both paralysis and hallucinations.
He was sentenced to live in Australia for seven years.,He was sentenced to live in Australia for seven years.
"Waugh writes about Charles. He said that Charles was looking for love when he first met Sebastian. Waugh said it was like Charles found ""that low door in the wall... which opened on an enclosed and enchanted garden."" This metaphor is a big part of the work.","Waugh writes about Charles. He said that Charles was looking for love when he first met Sebastian. Waugh said it was like Charles found ""that low door in the wall... which opened on an enclosed and enchanted garden."" This metaphor is a big part of the work."
It was well-known that she was friends with the Russian mystic Grigori Rasputin. That friendship was an important factor in her life.,It was well-known that she was friends with the Russian mystic Grigori Rasputin. That friendship was an important factor in her life.
"""Dorsal"" refers to body parts that are near an animal's sides.","""Dorsal"" refers to body parts that are near an animal's sides."
"The word ""protein"" was coined by Berzelius after Mulder found that all proteins seemed to have the same empirical formula and may be made up of a single type of a very large molecule.","The word ""protein"" was coined by Berzelius after Mulder found that all proteins seemed to have the same empirical formula and may be made up of a single type of a very large molecule."
"After the Jerilderie raid, the gang stayed out of sight for 16 months and were able to remain uncaptured.","After the Jerilderie raid, the gang stayed out of sight for 16 months and were able to remain uncaptured."
Barneville-la-Bertran is a commune in the Calvados area in the Basse-Normandie area in northwestern France.,Barneville-la-Bertran is a commune in the Calvados area in the Basse-Normandie area in northwestern France.
Color can be orange to pale yellow.,Color can be orange to pale yellow.
In 1963 an extension was added. It curves north from Union station and turns west near Bloor Street. It ends at St. George and Bloor Streets.,In 1963 an extension was added. It curves north from Union station and turns west near Bloor Street. It ends at St. George and Bloor Streets.
"Before 1980, a section of the Central Australian line passed the western side of the Simpson Desert.","Before 1980, a section of the Central Australian line passed the western side of the Simpson Desert."
It is on a portage trail which led west through mountains to Unalakleet.,It is on a portage trail which led west through mountains to Unalakleet.
People with heart disease are often at risk of irregular heartbeats or sudden cardiac death.,People with heart disease are often at risk of irregular heartbeats or sudden cardiac death.
It was the largest sub-region in Mesoamerica and stretched from the mountains of the Sierra Madre to the plains of the Yucatan.,It was the largest sub-region in Mesoamerica and stretched from the mountains of the Sierra Madre to the plains of the Yucatan.
Google released the comic early on Google Books.,Google released the comic early on Google Books.
"Anyone may register a pedigree with the college, where they will be carefully checked.","Anyone may register a pedigree with the college, where they will be carefully checked."
Political Economy was published in 1985 but had little school use.,Political Economy was published in 1985 but had little school use.
He toured with the  Israel Philharmonic Orchestra (IPO) in the Spring of 1990.  That marked the IPO's first-ever performance in the Soviet Union.  Concerts were held in Moscow and Leningrad.  He toured again with the IPO in 1994 when they performed in China and India.,He toured with the Israel Philharmonic Orchestra (IPO) in the Spring of 1990. That marked the IPO's first-ever performance in the Soviet Union. Concerts were held in Moscow and Leningrad. He toured again with the IPO in 1994 when they performed in China and India.
"During the Napoleonic Wars, Austrian General Mack surrendered his troops to Napoleon's Grand Army at Ulm.  This surrender gave Napoleon over 30,000 prisoners.  The Austrians also had 10,000 casualties.","During the Napoleonic Wars, Austrian General Mack surrendered his troops to Napoleon's Grand Army at Ulm. This surrender gave Napoleon over 30,000 prisoners. The Austrians also had 10,000 casualties."
For a long time it has been the economic centre of Northern Nigeria.  It has also been a centre for the production and export of groundnuts.,For a long time it has been the economic centre of Northern Nigeria. It has also been a centre for the production and export of groundnuts.
"Most South Indians speak of the five Dravidian languages.  These languages are:  Kannada, Malayalam, Tamil, Telugu and Tulu.","Most South Indians speak of the five Dravidian languages. These languages are: Kannada, Malayalam, Tamil, Telugu and Tulu."
Meteora got the band many awards and honors.,Meteora got the band many awards and honors.
The WWF marchers in the army turned around and hurt Kane and Jericho after a small pause.,The WWF marchers in the army turned around and hurt Kane and Jericho after a small pause.
Most songs were by Richard M. Sherman and Robert B. Sherman.,Most songs were by Richard M. Sherman and Robert B. Sherman.
Slavs moved into the place in the 5th century.,Slavs moved into the place in the 5th century.
"Between 1900 and 1920, many new buildings were constructed on campus including ones for the dental and pharmacy programs, a chemistry building, a natural sciences building, Hill Auditorium, large hospital, libraries and two residence halls.","Between 1900 and 1920, many new buildings were constructed on campus including ones for the dental and pharmacy programs, a chemistry building, a natural sciences building, Hill Auditorium, large hospital, libraries and two residence halls."
"Winchester is in Scott County, Illinois.","Winchester is in Scott County, Illinois."
"Name Arzashkum seems to be the Assyrian form of an Armenian name ending in -ka. It comes from a proper name Arzash, which recalls the name Arsene, Arsissa, given by the ancients to part of Lake Van.","Name Arzashkum seems to be the Assyrian form of an Armenian name ending in -ka. It comes from a proper name Arzash, which recalls the name Arsene, Arsissa, given by the ancients to part of Lake Van."
She was chosen among the 15 candidates to appear on the TV show.,She was chosen among the 15 candidates to appear on the TV show.
"Its episodes were broadcast on the ABC network from its debut on September 21, 1993. The series ended on March 1, 2005.","Its episodes were broadcast on the ABC network from its debut on September 21, 1993. The series ended on March 1, 2005."
The latter device can be designed and used in less stringent environments.,The latter device can be designed and used in less stringent environments.
"Gimnasia hired first famed Colombian trainer Francisco Maturana, and then Julio César Falcioni. However, both had limited success.","Gimnasia hired first famed Colombian trainer Francisco Maturana, and then Julio César Falcioni. However, both had limited success."
"Brighton is a city in Washington County, Iowa. It is located in the United States.","Brighton is a city in Washington County, Iowa. It is located in the United States."
"She was also in a few music videos.  These included ""It Girl"" by John Oates and ""Just Lose It"" by Eminem.","She was also in a few music videos. These included ""It Girl"" by John Oates and ""Just Lose It"" by Eminem."
"June 24, 1979 was the 750th anniversary of the village of Glinde.  On that date it got its town charter.","June 24, 1979 was the 750th anniversary of the village of Glinde. On that date it got its town charter."
"Pauline came back in the Game Boy remake of Donkey Kong in 1994.  In 2006, she appeared in Mario vs. Donkey Kong 2: March of the Minis, described as ""Mario's friend"".","Pauline came back in the Game Boy remake of Donkey Kong in 1994. In 2006, she appeared in Mario vs. Donkey Kong 2: March of the Minis, described as ""Mario's friend""."
The vagina is very elastic and stretches to many times its normal size during birth.,The vagina is very elastic and stretches to many times its normal size during birth.
His real birthday was never written but is most likely around 1935 to 1939.,His real birthday was never written but is most likely around 1935 to 1939.
This number measure tells how much of a drug or chemical is needed to stop a life process or part of a process by half.,This number measure tells how much of a drug or chemical is needed to stop a life process or part of a process by half.
"The name shows they are at the Bernese Oberland area of the boundary of Bern, but parts of the Bernese Alps are in nearby areas of Valais, Lucerne, Obwalden, Fribourg and Vaud.","The name shows they are at the Bernese Oberland area of the boundary of Bern, but parts of the Bernese Alps are in nearby areas of Valais, Lucerne, Obwalden, Fribourg and Vaud."
He had one daughter with a religious ceremony done as Mary Ann Fisher Power to Ann (e) Power.,He had one daughter with a religious ceremony done as Mary Ann Fisher Power to Ann (e) Power.
"In an interview Edward Gorey said that Bawden was one of his favorite artists, saying that he felt sad about the fact that not many people remembered or knew about him.","In an interview Edward Gorey said that Bawden was one of his favorite artists, saying that he felt sad about the fact that not many people remembered or knew about him."
"The string can vibrate in different modes like a guitar string can make different notes, and every mode appears as a different particle: electron, photon, gluon, etc.","The string can vibrate in different modes like a guitar string can make different notes, and every mode appears as a different particle: electron, photon, gluon, etc."
Gable also won an Academy Award nomination when he played Fletcher Christian in the 1935 film Mutiny on the Bounty.,Gable also won an Academy Award nomination when he played Fletcher Christian in the 1935 film Mutiny on the Bounty.
